Tentative Time Table for Semester I (2026-28),,,,,,,,,,,,,,,,,,,,
,,,CR-1,CR-3,CR-1,CR-3,CR-1,CR-3,CR-1,CR-3,CR-1,CR-3,CR-1,CR-3,,,,,,
Session,Week1,,29-Jun,,30-Jun,,1-Jul,,2-Jul,,3-Jul,,4-Jul,,5-Jul,,,,,
,From,To,Mon,,Tue,,Wed,,Thu,,Fri,,Sat,,Sun,,,,,
1,9:10,10:00,Inauguration/Orientation Week,,,,,,,,,,,,,,,,,
2,10:10,11:00,,,,,,,,,,,,,,,,,,
3,11:10,12:00,,,,,,,,,,,,,,,,,,
4,12:10,1:00,,,,,,,,,,,,,,,,,,
Lunch Break,,,,,,,,,,,,,,,,,,,,
5,2:10,3:00,Inauguration/Orientation Week,,,,,,,,,,,,,,,,,
6,3:10,4:00,,,,,,,,,,,,,,,,,,
7,4:10,5:00,,,,,,,,,,,,,,,,,,
8,5:10,6:00,,,,,,,,,,,,,,,,,,
,,,,,,,,,,,,,,,,,,,,
Session,Week2,,6-Jul,,7-Jul,,8-Jul,,9-Jul,,10-Jul,,11-Jul,,12-Jul,,,,,
,From,To,Mon,,Tue,,Wed,,Thu,,Fri,,Sat,,Sun,,,,,
1,9:10,10:00,Bridge/Foundation Course,,,,,,,,,,,,,,,,,
2,10:10,11:00,,,,,,,,,,,,,,,,,,
3,11:10,12:00,,,,,,,,,,,,,,,,,,
4,12:10,1:00,,,,,,,,,,,,,,,,,,
Lunch Break,,,,,,,,,,,,,,,,,,,,
5,2:10,3:00,Bridge/Foundation Course,,,,,,,,,,,,,,,,,
6,3:10,4:00,,,,,,,,,,,,,,,,,,
7,4:10,5:00,,,,,,,,,,,,,,,,,,
8,5:10,6:00,,,,,,,,,,,,,,,,,,
,,,,,,,,,,,,,,,,,,,,
Session,Week3,,13-Jul,,14-Jul,,15-Jul,,16-Jul,,17-Jul,,18-Jul,,19-Jul,,,,,
,From,To,Mon,,Tue,,Wed,,Thu,,Fri,,Sat,,Sun,,,,,
1,9:10,10:00,HAW-1,DT-1,MM-1,DT-2,FRA-2,,OB-2,MM-2,,,,,,,,,,
2,10:10,11:00,ME-1,HAW-1,OB-1,FRA-1,ME-2,FRA-2,FRA-3,OB-2,ME-3,MC-I-2,,,,,,SM-1,,
3,11:10,12:00,ILR-1,ME-1,FRA-1,OB-1,,ME-2,IBE-1-T,FRA-3,ILR-2,ME-3,,,,,,SM-1,,
4,12:10,1:00,MC-I-1,ILR-1,DT-2,MM-1,,,MM-2,IBE-1-T,MC-I-2,ILR-2,,,,,,,,
Lunch Break,,,,,,,,,,,,,,,,,,,,
5,2:10,3:00,DT-1,MC-I-1,,,,,,,,,,,,,,,,
6,3:10,4:00,,,,,,,,,,,,,,,,,,
7,4:10,5:00,,,,,,,,,,,,,,,,,,
8,5:10,6:00,,,,,,,,,,,,,,,,,,
,,,,,,,,,,,,,,,,,,,,
Session,Week4,,20-Jul,,21-Jul,,22-Jul,,23-Jul,,24-Jul,,25-Jul,,26-Jul,,,,,
,From,To,Mon,,Tue,,Wed,,Thu,,Fri,,Sat,,Sun,,,,,
1,9:10,10:00,,,MM-4,OB-3,MM-5,,OB-4,MC-I-4,,,,,,,,,,SM-3
2,10:10,11:00,ME-4,,MC-I-3,MM-4,ME-5,MM-5,FRA-6,OM-1,ME-6,,,,,,,,,SM-4
3,11:10,12:00,ILR-3,ME-4,IBE-2-T,MC-I-3,SM-3,ME-5,MC-I-4,FRA-6,ILR-4,ME-6,,,,,,,,
4,12:10,1:00,DT-3,ILR-3,IBE-3-T,DT-4,SM-4,FRA-5,OM-1,OB-4,OM-2,ILR-4,,,,,,HAW-1,,
Lunch Break,,,,,,,,,,,,,,,,,,,,
5,2:10,3:00,,FRA-4,OB-3,,FRA-5,IBE-11-U,IBE-11-U,IBE-2-T,IBE-13-U,OM-2,,,,,,HAW-1,,
6,3:10,4:00,FRA-4,DT-3,DT-4,,,IBE-12-U,IBE-12-U,IBE-3-T,IBE-14-U,,,,,,,,,
7,4:10,5:00,,,,,,,,,,,,,,,,,,
8,5:10,6:00,,,,,,,,,,,,,,,,,,
,,,,,,,,,,,,,,,,,,,,
Session,Week5,,27-Jul,,28-Jul,,29-Jul,,30-Jul,,31-Jul,,1-Aug,,2-Aug,,,,,
,From,To,Mon,,Tue,,Wed,,Thu,,Fri,,Sat,,Sun,,,,,
1,9:10,10:00,HAW-1,,MM-6,DT-6,MM-7,,OB-6,OM-3,,SM-5,,,,,,,,
2,10:10,11:00,ME-7,HAW-1,MC-I-5,OB-5,ME-8,MM-7,MC-I-6,IBE-4-T,ME-9,SM-6,,,,,,,,
3,11:10,12:00,FRA-7,ME-7,IBE-4-T,MM-6,FRA-8,ME-8,OM-3,IBE-5-T,ILR-8,ME-9,,,,,,,,
4,12:10,1:00,,DT-5,IBE-5-T,MC-I-5,FRA-9,,,OB-6,OM-4,ILR-8,,,,,,,,
,,,,,,,,,,,,,,,,,,,,
5,2:10,3:00,DT-6,FRA-7,OB-5,,SM-5,FRA-8,,MC-I-6,ILR-9,OM-4,,,,,,,,
6,3:10,4:00,ILR-7,,DT-6,,SM-6,FRA-9,,,,ILR-9,,,,,,,,
7,4:10,5:00,,ILR-7,,,,,,,,,,,,,,,,
8,5:10,6:00,,,,,,,,,,,,,,,,,,
,,,,,,,,,,,,,,,,,,,,
Session,Week6,,3-Aug,,4-Aug,,5-Aug,,6-Aug,,7-Aug,,8-Aug,,9-Aug,,,,,
,From,To,Mon,,Tue,,Wed,,Thu,,Fri,,Sat,,Sun,,,,,
1,9:10,10:00,HAW-1,,OB-6,DT-8,ME-11,,,OB-7,,SM-7,,,,,,,,
2,10:10,11:00,ME-10,HAW-1,MC-I-7,MM-8,MM-9,FRA-12,OB-7,IBE-6-T,ME-12,SM-8,,,,,,,,
3,11:10,12:00,FRA-10,ME-10,IBE-6-T,MC-I-7,SM-7,ME-11,MC-I-8,IBE-7-T,ILR-10,ME-12,,,,,,,,
4,12:10,1:00,FRA-11,DT-7,IBE-7-T,OB-6,SM-8,MM-9,OM-5,MC-I-8,OM-6,ILR-10,,,,,,,,
Lunch Break,,,,,,,,,,,,,,,,,,,,
5,2:10,3:00,DT-7,FRA-10,MM-8,,FRA-12,,,OM-5,ILR-11,OM-6,,,,,,,,
6,3:10,4:00,,FRA-11,DT-8,,,,,,,ILR-11,,,,,,,,
7,4:10,5:00,,,,,,,,,,,,,,,,,,
8,5:10,6:00,,,,,,,,,,,,,,,,,,
,,,,,,,,,,,,,,,,,,,,
Session,Week7,,10-Aug,,11-Aug,,12-Aug,,13-Aug,,14-Aug,,15-Aug,,16-Aug,,,,,
,From,To,Mon,,Tue,,Wed,,Thu,,Fri,,Sat,,Sun,,,,,
1,9:10,10:00,HAW-1,,FRA-15,OB-8,FRA-16,DT-10,OB-9,,,SM-9,Independence Day/ Pateti,,,,,,,
2,10:10,11:00,ME-13,HAW-1,IBE-8-T,FRA-15,ME-14,MM-11,,IBE-8-T,ME-15,SM-10,,,,,,,,
3,11:10,12:00,FRA-13,ME-13,IBE-9-T,MC-I-9,DT-10,ME-14,MC-I-10,IBE-9-T,ILR-12,ME-15,,,,,,,,
4,12:10,1:00,FRA-14,DT-9,MC-I-9,MM-10,MM-11,FRA-16,OM-7,MC-I-10,OM-8,ILR-12,,,,,,,,
Lunch Break,,,,,,,,,,,,,,,,,,,,
5,2:10,3:00,DT-9,FRA-13,MM-10,,SM-9,,,OM-7,ILR-13,OM-8,Independence Day/ Pateti,,,,,,,
6,3:10,4:00,,FRA-14,OB-8,,SM-10,,,OB-9,,ILR-13,,,,,,,,
7,4:10,5:00,,,,,,,,,,,,,,,,,,
8,5:10,6:00,,,,,,,,,,,,,,,,,,
,,,,,,,,,,,,,,,,,,,,
Session,Week8,,17-Aug,,18-Aug,,19-Aug,,20-Aug,,21-Aug,,22-Aug,,23-Aug,,,,,
,From,To,Mon,,Tue,,Wed,,Thu,,Fri,,Sat,,Sun,,,,,
1,9:10,10:00,HAW-1,,DT-12,MM-12,,,,,,SM-11,,,,,,,,
2,10:10,11:00,ME-16,HAW-1,OB-10,DT-12,ME-17,FRA-19,,OB-11,ME-18,SM-12,,,,,,,,
3,11:10,12:00,FRA-17,ME-16,IBE-10-T,OB-10,MM-13,ME-17,OM-9,,ILR-14,ME-18,,,,,,,,
4,12:10,1:00,FRA-18,DT-11,MC-I-11,IBE-10-T,FRA-19,MM-13,OB-11,MC-I-12,OM-11,ILR-14,,,,,,,,
Lunch Break,,,,,,,,,,,,,,,,,,,,
5,2:10,3:00,DT-11,FRA-17,MM-12,MC-I-11,SM-11,,MC-I-12,OM-9,ILR-15,OM-11,,,,,,,,
6,3:10,4:00,,FRA-18,,,SM-12,,,,,ILR-15,,,,,,,,
7,4:10,5:00,,,,,,,,,,,,,,,,,,
8,5:10,6:00,,,,,,,,,,,,,,,,,,
,,,,,,,,,,,,,,,,,,,,
Session,Week9,,24-Aug,,25-Aug,,26-Aug,,27-Aug,,28-Aug,,29-Aug,,30-Aug,,,,,
,From,To,Mon,,Tue,,Wed,,Thu,,Fri,,Sat,,Sun,,,,,
1,9:10,10:00,HAW-1,DT-13,MM-14,DT-14,,,OB-13,,Raksha Bandhan,,,,,,,,,
2,10:10,11:00,ME-19,HAW-1,MC-I-13,MM-14,ME-20,,MC-I-14,,,,,,,,,,,
3,11:10,12:00,FRA-20,ME-19,OB-12,MC-I-13,FRA-21,ME-20,OM-12,OB-13,,,,,,,,,,
4,12:10,1:00,DT-13,FRA-20,DT-14,OB-12,FRA-22,MM-15,OM-13,MC-I-14,,,,,,,,,,
Lunch Break,,,,,,,,,,,,,,,,,,,,
5,2:10,3:00,,SM-13,,,SM-13,FRA-21,,OM-12,Raksha Bandhan,,,,,,,,,
6,3:10,4:00,,SM-14,,,SM-14,FRA-22,,OM-13,,,,,,,,,,
7,4:10,5:00,,,,,MM-15,,,,,,,,,,,,,
8,5:10,6:00,,,,,,,,,,,,,,,,,,
,,,,,,,,,,,,,,,,,,,,
Session,Week10,,31-Aug,,1-Sep,,2-Sep,,3-Sep,,4-Sep,,5-Sep,,6-Sep,,,,,
,From,To,Mon,,Tue,,Wed,,Thu,,Fri,,Sat,,Sun,,,,,
1,9:10,10:00,HAW-1,DT-15,MM-16,DT-16,MM-17,,OB-15,,Janmashtami,,,,,,,,,
2,10:10,11:00,ME-21,HAW-1,,MM-16,ME-22,,MC-I-16,,,,,,,,,,,
3,11:10,12:00,DT-15,ME-21,FRA-24,OB-14,FRA-25,MM-17,OM-14,OB-15,,,,,,,,,,
4,12:10,1:00,FRA-23,,OB-14,MC-I-15,FRA-26,ME-22,OM-15,MC-I-16,,,,,,,,,,
Lunch Break,,,,,,,,,,,,,,,,,,,,
5,2:10,3:00,,SM-15,MC-I-15,,SM-15,FRA-25,,OM-14,Janmashtami,,,,,,,,,
6,3:10,4:00,,SM-16,DT-16,FRA-24,SM-16,FRA-26,,OM-15,,,,,,,,,,
7,4:10,5:00,,FRA-23,,,,,,,,,,,,,,,,
8,5:10,6:00,,,,,,,,,,,,,,,,,,
,,,,,,,,,,,,,,,,,,,,
Session,Week11,,7-Sep,,8-Sep,,9-Sep,,10-Sep,,11-Sep,,12-Sep,,13-Sep,,,,,
,From,To,Mon,,Tue,,Wed,,Thu,,Fri,,Sat,,Sun,,,,,
1,9:10,10:00,HAW-1,DT-17,OB-16,,,MM-19,OB-17,,,,,,,,,,,
2,10:10,11:00,ME-26,HAW-1,FRA-28,OB-16,ME-27,FRA-29,,OB-17,ME-28,,,,,,,,,
3,11:10,12:00,FRA-27,ME-26,MC-I-17,FRA-28,MM-19,ME-27,OM-16,,ILR-16,ME-28,,,,,,,,
4,12:10,1:00,DT-17,FRA-27,DT-18,MC-I-17,FRA-29,,OM-17,MC-I-18,,ILR-16,,,,,,,,
Lunch Break,,,,,,,,,,,,,,,,,,,,
5,2:10,3:00,,SM-17,MM-18,DT-18,SM-17,,MC-I-18,OM-16,ILR-17,,,,,,,,,
6,3:10,4:00,,SM-18,,MM-18,SM-18,,,OM-17,,ILR-17,,,,,,,,
7,4:10,5:00,,,,,,,,,,,,,,,,,,
8,5:10,6:00,,,,,,,,,,,,,,,,,,
,,,,,,,,,,,,,,,,,,,,
Session,Week12,,14-Sep,,15-Sep,,16-Sep,,17-Sep,,18-Sep,,19-Sep,,20-Sep,,,,,
,From,To,Mon,,Tue,,Wed,,Thu,,Fri,,Sat,,Sun,,,,,
1,9:10,10:00,Mid Term Exam,,Samvatsari,,Mid Term Exam,,Mid Term Exam,,Mid Term Exam,,Mid Term Exam,,,,,,,
2,10:10,11:00,,,,,,,,,,,,,,,,,,
3,11:10,12:00,,,,,,,,,,,,,,,,,,
4,12:10,1:00,,,,,,,,,,,,,,,,,,
Lunch Break,,,,,,,,,,,,,,,,,,,,
5,2:10,3:00,Mid Term Exam,,Samvatsari,,Mid Term Exam,,Mid Term Exam,,Mid Term Exam,,Mid Term Exam,,,,,,,
6,3:10,4:00,,,,,,,,,,,,,,,,,,
7,4:10,5:00,,,,,,,,,,,,,,,,,,
8,5:10,6:00,,,,,,,,,,,,,,,,,,
,,,,,,,,,,,,,,,,,,,,
Session,Week13,,21-Sep,,22-Sep,,23-Sep,,24-Sep,,25-Sep,,26-Sep,,27-Sep,,,,,
,From,To,Mon,,Tue,,Wed,,Thu,,Fri,,Sat,,Sun,,,,,
1,9:10,10:00,HAW-1,DT-19,OB-19,DT-20,,,OB-20,OM-19,OM-21,SM-19,,,,,,,,
2,10:10,11:00,ME-29,HAW-1,DT-20,OB-19,ME-30,MM-21,FRA-32,OB-20,ME-31,SM-20,,,,,,,,
3,11:10,12:00,FRA-30,ME-29,MM-20,MC-I-19,FRA-31,ME-30,MC-I-20,FRA-32,ILR-19,ME-31,,,,,,,,
,12:10,1:00,DT-19,FRA-30,MC-I-19,MM-20,MM-21,FRA-31,OM-19,MC-I-20,,ILR-19,,,,,,,,
Lunch Break,,,,,,,,,,,,,,,,,,,,
5,2:10,3:00,,,ILR-18,,SM-19,,,,ILR-20,OM-21,,,,,,,,
6,3:10,4:00,,,,ILR-18,SM-20,,,,,ILR-20,,,,,,,,
7,4:10,5:00,,,,,,,,,,,,,,,,,,
8,5:10,6:00,,,,,,,,,,,,,,,,,,
,,,,,,,,,,,,,,,,,,,,
Session,Week14,,28-Sep,,29-Sep,,30-Sep,,1-Oct,,2-Oct,,3-Oct,,4-Oct,,,,,
,From,To,Mon,,Tue,,Wed,,Thu,,Fri,,Sat,,Sun,,,,,
1,9:10,10:00,HAW-1,FRA-33,DT-22,OB-21,FRA-34,MM-24,OB-22,,Mahatma Gandhi Jayanti,,,,,,,,,
2,10:10,11:00,ME-32,HAW-1,OB-21,MM-23,ME-33,FRA-34,FRA-35,OB-22,,,,,,,,,,
3,11:10,12:00,SM-19,ME-32,MC-I-21,SM-19,MM-24,ME-33,MC-I-22,FRA-35,,,,,,,,,,
4,12:10,1:00,SM-20,DT-21,MM-22,SM-20,,,OM-22,MC-I-22,,,,,,,,,,
Lunch Break,,,,,,,,,,,,,,,,,,,,
5,2:10,3:00,FRA-33,,,MC-I-21,,,,OM-22,Mahatma Gandhi Jayanti,,,,,,,,,
6,3:10,4:00,DT-21,,,DT-22,,,,,,,,,,,,,,
7,4:10,5:00,ILR-21,,,,,,,,,,,,,,,,,
8,5:10,6:00,,ILR-21,,,,,,,,,,,,,,,,
,,,,,,,,,,,,,,,,,,,,
Session,Week15,,5-Oct,,6-Oct,,7-Oct,,8-Oct,,9-Oct,,10-Oct,,11-Oct,,,,,
,From,To,Mon,,Tue,,Wed,,Thu,,Fri,,Sat,,Sun,,,,,
1,9:10,10:00,HAW-1,DT-23,OB-23,MM-25,MM-27,,,,,SM-21,,,,,,,,
2,10:10,11:00,ME-34,HAW-1,MM-26,DT-24,ME-35,MM-27,OB-24,,ILR-23,SM-22,,,,,,,,
3,11:10,12:00,DT-23,ME-34,MC-I-23,OB-23,FRA-37,ME-35,MC-I-24,OB-24,,ILR-23,,,,,,,,
4,12:10,1:00,OM-23,FRA-36,DT-24,MC-I-23,FRA-38,,OM-24,MC-I-24,,,,,,,,,,
Lunch Break,,,,,,,,,,,,,,,,,,,,
5,2:10,3:00,FRA-36,OM-23,,,SM-23,FRA-37,,OM-24,ILR-24,,,,,,,,,
6,3:10,4:00,ILR-22,,,,SM-24,FRA-38,,,,ILR-24,,,,,,,,
7,4:10,5:00,,ILR-22,,,,,,,,,,,,,,,,
8,5:10,6:00,,,,,,,,,,,,,,,,,,
,,,,,,,,,,,,,,,,,,,,
Session,Week16,,12-Oct,,13-Oct,,14-Oct,,15-Oct,,16-Oct,,17-Oct,,18-Oct,,,,,
,From,To,Mon,,Tue,,Wed,,Thu,,Fri,,Sat,,Sun,,,,,
1,9:10,10:00,HAW-1,OM-25,DT-26,OB-25,,,,,,SM-21,,,,,,,,
2,10:10,11:00,HAW-1,DT-25,MM-29,MC-I-25,ME-36,MM-30,,,ME-35,SM-22,,,,,,,,
3,11:10,12:00,OM-25,HAW-1,MC-I-25,FRA-39,FRA-41,ME-36,MC-I-26,OM-26,ILR-25,ME-35,,,,,,,,
4,12:10,1:00,DT-25,HAW-1,OB-25,FRA-40,MM-30,FRA-41,OM-26,MC-I-26,OM-27,ILR-25,,,,,,,,
Lunch Break,,,,,,,,,,,,,,,,,,,,
5,2:10,3:00,,,FRA-39,MM-28,SM-25,,,,ILR-26,OM-27,,,,,,,,
6,3:10,4:00,,,FRA-40,DT-26,SM-26,,,,,ILR-26,,,,,,,,
7,4:10,5:00,,,,,,,,,,,,,,,,,,
8,5:10,6:00,,,,,,,,,,,,,,,,,,
,,,,,,,,,,,,,,,,,,,,
Session,Week17,,19-Oct,,20-Oct,,21-Oct,,22-Oct,,23-Oct,,24-Oct,,25-Oct,,,,,
,From,To,Mon,,Tue,,Wed,,Thu,,Fri,,Sat,,Sun,,,,,
1,9:10,10:00,HAW-1,OM-28,MM-31,DT-28,,,,,,,,,,,,,,
2,10:10,11:00,HAW-1,FRA-42,MM-32,MC-I-27,MM-33,,,,ME-36,OM-30,,,,,,,,
3,11:10,12:00,OM-28,HAW-1,MC-I-27,FRA-43,MM-34,,MC-I-28,,ILR-27,ME-36,,,,,,,,
4,12:10,1:00,FRA-42,HAW-1,DT-28,FRA-44,FRA-45,FRA-45,,MC-I-28,OM-30,ILR-27,,,,,,,,
Lunch Break,,,,,,,,,,,,,,,,,,,,
5,2:10,3:00,DT-27,SM-27,FRA-43,MM-31,SM-27,MM-33,,,ILR-28,,,,,,,,,
6,3:10,4:00,,SM-28,FRA-44,MM-32,SM-28,MM-34,,,,ILR-28,,,,,,,,
7,4:10,5:00,,DT-27,,,,,,,,,,,,,,,,
8,5:10,6:00,,,,,,,,,,,,,,,,,,
,,,,,,,,,,,,,,,,,,,,
Session,Week18,,26-Oct,,27-Oct,,28-Oct,,29-Oct,,30-Oct,,31-Oct,,1-Nov,,,,,
,From,To,Mon,,Tue,,Wed,,Thu,,Fri,,Sat,,Sun,,,,,
1,9:10,10:00,HAW-1,OM-31,DT-29,,,,,,,,,,,,,,,
2,10:10,11:00,HAW-1,OM-32,DT-30,MC-I-29,,,,,ILR-29,,,,,,,,,
3,11:10,12:00,OM-31,HAW-1,MC-I-29,DT-29,OM-33,,,,ILR-29,,,,,,,,,
4,12:10,1:00,OM-32,HAW-1,,DT-30,OM-34,,MC-I-30,,,,,,,,,,,
Lunch Break,,,,,,,,,,,,,,,,,,,,
5,2:10,3:00,,SM-29,,,SM-29,OM-33,,MC-I-30,,ILR-30,,,,,,,,
6,3:10,4:00,,SM-30,,,SM-30,OM-34,,,,ILR-30,,,,,,,,
7,4:10,5:00,,,,,,,,,,,,,,,,,,
8,5:10,6:00,,,,,,,,,,,,,,,,,,
,,,,,,,,,,,,,,,,,,,,
 End Term Exam 23-Nov-2026 to 4-Dec-2026,,,,,,,,,,,,,,,,,,,,
,,,,,,,,,,,,,,,,,,,,
Sem-II Commencement  7-Dec-2026,,,,,,,,,,,,,,,,,,,,
,,,,,,,,,,,,,,,,,,,,
,,,,,,,,,,,,,,,,,,,,
,,,,,,,,,,,,___________________________________________,,,,,,,,
,,,,,,,,,,,,"Dean I/c, FMS",,,,,,,,
,,,,,,,,,,,,Adani University,,,,,,,,
